PS,PD_15,PD_30,PD_45,PD_60,PD_75,PD_90,PD_105,PD_120,PD_135,PD_150,PD_150plus,fairness,satisfaction,SC_15,SC_30,SC_45,SC_60,SC_75,SC_90,SC_105,SC_120,SC_135,SC_150,SC_150plus,redist1,redist2,redist3,redist4,Household_Income,Political_Preference,age,gender,Population_Inequality_Gini_Index,Population_Mean_Income,Social_Circle_Inequality_Gini_Index,Social_Circle_Mean_Income
233,27,48,21,0,0,0,0,0,0,0,4,1,1,50,24,26,0,0,0,0,0,0,0,0,6,3,6,1, ,5,40,2,38.7829379101464,29715,28.0567375886525,21150
157,39,0,0,0,0,0,0,0,0,0,61,5,2,19,0,0,0,53,0,28,0,0,0,0,2,2,3,4,20,5,59,2,37.2145110410095,123630,24.3233876520542,65355
275,0,0,50,0,0,50,0,0,0,0,0,5,5,0,0,11,0,0,0,35,0,54,0,0,5,4,5,5,100,5,41,2,20.75,60000,14.4425770308123,107100
111,9,14,17,17,17,8,7,5,2,2,2,7,7,2,7,7,11,11,13,14,14,14,5,2,1,3,3,4,150,8,59,2,35.3795804902704,59355,26.9259002770083,86640
52,68,32,0,0,0,0,0,0,0,0,0,4,5,0,0,57,0,0,43,0,0,0,0,0,4,5,4,5,500,5,35,1,16.875,15360,21.401055408971,56850
11,10,31,6,14,8,8,6,5,5,7,0,1,4,8,25,8,16,7,11,11,9,3,1,1,6,5,6,6,600,3,34,2,40.9244791666667,57600,37.0882426673352,59835
76,1,4,30,8,19,7,5,4,2,10,10,3,3,1,29,0,0,20,50,0,0,0,0,0,5,2,5,5,600,4,36,2,35.7271038454393,80745,23.6694356217933,61395
90,2,20,10,7,18,4,4,10,10,10,5,5,4,0,0,10,80,10,0,0,0,0,0,0,3,3,4,4,600,3,39,2,36.5702697604226,79515,7.14285714285707,52500
93,33,23,10,10,9,4,4,4,2,1,0,5,3,50,14,9,7,6,5,1,1,4,3,0,5,4,5,5,600,2,40,2,44.7781120722076,39885,49.3891213389121,35850
104,10,13,11,16,23,12,8,3,2,2,0,4,5,6,10,15,21,23,11,5,3,2,2,2,4,4,5,5,680,3,31,1,31.7237851662404,58650,30.9116075764935,61770
26,33,26,11,4,2,6,3,3,3,6,3,5,4,5,8,8,10,6,9,8,8,6,10,22,4,1,4,2,1000, ,53, ,51.4852752880922,46860,35.4034707158351,103725
259,79,21,0,0,0,0,0,0,0,0,0,4,5,45,51,0,4,0,0,0,0,0,0,0,3,4,3,4,1000,4,19,1,14.2629355860612,14205,21.7667984189723,18975
255,27,32,27,7,5,1,1,0,0,0,0,1,1,68,20,9,3,0,0,0,0,0,0,0,5,3,6,1,1100,5,27,1,32.3350331463539,29415,26.4480408858603,17610
176,20,25,10,10,5,5,5,5,5,5,5,3,3,40,40,10,10,0,0,0,0,0,0,0,6,2,5,2,1200,3,49,2,47.7078507078507,58275,29.5,22800
51,2,9,19,22,21,15,6,3,1,1,1,2,3,3,4,8,12,14,18,15,12,9,4,1,4,1,3,4,1400,5,64,2,26.7780493766805,61365,25.5443916697114,82110
92,22,20,20,20,4,3,3,2,2,2,2,3,1,30,10,11,11,5,5,4,4,0,20,0,4,3,4,5,1600,3,47,1,42.2618888144675,44790,46.8279301745636,60150
18,16,28,35,21,0,0,0,0,0,0,0,5,5,10,19,19,12,12,12,16,0,0,0,0,4,4,5,5,2000,9,34,2,25.4652455977757,32370,33.2714285714286,52500
122,0,13,29,40,18,0,0,0,0,0,0,5,5,5,21,36,22,0,0,16,0,0,0,0,3,4,3,4,3800,5,28,2,18.111821086262,46950,30.2039151712887,45975
206,6,12,19,16,10,10,10,8,4,3,2,2,2,6,37,30,12,5,2,3,3,2,0,0,5,1,6,4,4000,2,26,2,34.7098681218736,65970,33.1297257227576,40470
294,0,32,18,50,0,0,0,0,0,0,0,3,3,0,24,24,40,12,0,0,0,0,0,0,4,4,6,5,4000,7,34,2,19.4477611940298,40200,20.5379310344828,43500
123,1,2,8,18,22,22,15,9,2,1,0,9,9,15,24,23,19,6,3,3,2,2,2,1,1,3,2,5,4200,8,24,2,20.6921533212924,74745,38.6588628762542,44850
83,18,19,21,19,16,2,1,1,1,1,1,5,4,12,20,21,17,17,13,0,0,0,0,0,4,3,4,3,5000,5,30,1,36.20041393584,43485,30.8291054739653,44940
156,10,20,20,30,8,5,3,1,1,1,1,5,7,10,11,13,20,16,13,8,4,2,2,1,3,4,2,5,5000,5,36,2,33.0158982511924,47175,33.0323785803238,60225
220,2,10,22,41,20,5,0,0,0,0,0,3,3,0,0,40,50,10,0,0,0,0,0,0,4,1,5,1,5299.99,3,56,2,19.3998797354179,49890,12.3125,48000
185,3,12,14,13,8,16,8,8,9,4,5,3,3,0,0,5,11,19,20,29,11,3,1,1,3,2,6,3,5583,5,33,1,34.1440743609605,77460,17.7922192749779,84825
48,22,27,25,12,0,0,0,0,0,0,14,1,1,8,21,31,30,0,0,0,0,0,0,10,6,1,5,4,6000,5,57,1,51.5130586186883,51690,40.5964611872146,52560
75,9,3,12,18,16,10,8,8,7,5,4,1,1,6,7,10,12,8,4,9,4,7,11,22,1,2,1,6,6000,6,31,2,33.4945295404814,75405,36.7595757218621,101820
81,4,5,6,25,26,14,5,5,5,3,2,5,5,1,1,10,19,23,23,10,4,4,3,2,1,2,2,4,6000,7,44,2,27.1851539434838,71130,23.341021092056,76095
114,8,15,16,15,13,10,10,6,3,3,1,2,1,31,15,17,37,0,0,0,0,0,0,0,2,2,5,2,6000,3,59,2,35.1238164603059,61785,30.7838577291382,32895
243,10,15,25,20,10,5,5,5,2,2,1,1,1,40,25,20,15,0,0,0,0,0,0,0,5,1,6,6,7500,3,42,1,35.8293370944993,53175,32.406976744186,25800
15,25,19,10,8,7,6,5,5,5,5,5,5,7,1,60,30,9,0,0,0,0,0,0,0,2,3,2,4,9000,7,53,2,48.2097186700767,58650,18.5600608210846,29595
229,57,20,14,3,1,1,0,1,1,1,1,1,3,76,0,24,0,0,0,0,0,0,0,0,3,3,4,3,9000,3,27,2,42.9563679245283,25440,27.6688741721854,18120
258,14,19,21,23,9,4,4,3,1,1,1,3,2,34,39,27,0,0,0,0,0,0,0,0,5,2,5,3,9200,5,42,1,36.3511280584684,47205,25.1187989556136,22980
237,11,17,17,16,10,10,8,5,3,2,1,1,1,50,15,10,10,5,5,5,0,0,0,0,4,2,4,2,10000,2,30,1,37.1074249605055,56970,43.7073170731707,30750
268,25,18,14,11,11,8,6,3,2,1,1,3,3,71,16,8,5,0,0,0,0,0,0,0,3,3,4,4,10100,2,24,1,42.5015873015873,47250,27.7590870667794,17745
67,17,20,14,10,9,8,8,5,4,3,2,1,1,20,73,4,2,1,0,0,0,0,0,0,6,2,6,1,10500,2,55,1,42.4060090401489,56415,16.7006802721088,22050
124,32,12,11,10,8,7,6,5,4,3,2,3,3,51,19,12,10,8,0,0,0,0,0,0,5,2,5,2,12000,1,25,1,46.8269675925926,51840,37.5918966529654,25545
230,32,19,15,10,8,6,4,3,2,1,0,5,5,30,28,17,9,5,4,3,1,1,1,1,1,3,4,5,12000,7,64,2,43.7154471544715,40590,43.1237113402062,36375
238,28,23,20,6,5,5,4,4,2,2,1,1,1,29,26,12,0,22,11,0,0,0,0,0,2,2,2,3,12000,5,41,1,45.4029692470838,42435,39.0174811283274,37755
266,10,20,20,25,7,5,4,2,2,3,2,1,1,3,5,26,34,17,6,2,2,2,2,1,5,1,6,3,12000,2,43,1,37.5706051873199,52050,26.2302839116719,57060
4,8,52,11,8,7,5,4,2,1,1,1,5,5,30,58,12,0,0,0,0,0,0,0,0,1,3,1,6,15000,8,28,2,38.7836840162421,40635,19.9148936170213,21150
50,42,17,14,10,5,2,3,3,2,1,1,3,3,5,19,38,30,7,1,0,0,0,0,0,6,3,4,3,15000,3,50,2,47.2261368291684,36615,21.8423005565863,40425
99,17,31,22,8,4,5,5,3,3,1,1,1,1,40,43,15,1,1,0,0,0,0,0,0,4,2,6,5,15000,5,27,2,41.9869684499314,43740,25.8450704225352,21300
151,20,18,13,13,10,8,6,5,3,2,2,1,1,35,47,15,1,1,1,0,0,0,0,0,5,1,6,1,15000,1,30,2,42.4929971988796,53550,26.4448160535117,22425
68,2,10,30,13,12,10,9,8,3,2,1,3,5,16,24,22,10,3,5,10,0,0,10,0,2,5,3,4,16000,9,62,1,31.5941719971571,63315,42.8705120659211,50970
108,15,20,21,15,13,11,1,1,1,1,1,1,1,80,20,0,0,0,0,0,0,0,0,0,1,1,4,2,16000,5,29,1,36.491961414791,46650,13.9148936170212,14100
174,6,20,17,12,9,8,7,7,6,5,3,1,1,40,20,0,20,0,0,0,0,0,10,10,6,1,6,1,16000,2,47,1,38.8365581607102,65895,55.8655462184874,53550
295,61,20,0,0,0,0,0,0,10,5,4,1,1,75,0,0,0,0,0,0,0,0,10,15,6,1,6,1,17000,2,33,1,57.4549943030763,39495,61.3571428571429,52500
145,5,10,20,10,10,10,10,10,10,5,0,1,1,20,50,10,10,10,0,0,0,0,0,0,3,3,4,3,18000,6,41,1,32.9181532004197,71475,31.1836734693878,29400
165,7,22,30,12,10,5,3,3,3,3,2,3,3,5,69,0,5,10,10,0,0,0,0,1,3,3,4,4,18000,3,25,2,38.0231362467866,52515,33.7689075630252,35700
209,10,10,13,30,12,6,5,6,3,3,2,1,1,69,27,3,0,0,1,0,0,0,0,0,6,1,5,1,18000,2,64,2,34.8074074074074,60750,22.0395584176633,16305
221,13,14,20,19,11,9,4,4,3,2,1,5,5,5,20,20,13,13,14,0,0,0,5,10,1,4,2,5,18000,8,46,1,36.8895671476138,54060,41.3841807909605,66375
77,11,13,15,17,19,11,6,3,2,2,1,3,2,60,21,9,4,1,1,1,1,1,1,0,1,1,6,6,19000,5,52,1,34.1629125196438,57270,40.7848101265823,23700
131,30,50,20,0,0,0,0,0,0,0,0,1,1,50,20,10,10,10,0,0,0,0,0,0,6,1,6,1,19000,5,41,2,22.6040268456376,22350,38.2857142857143,26250
213,15,22,18,15,10,5,4,3,2,1,5,1,1,31,41,5,5,5,5,4,1,1,1,1,6,1,6,1,19000,2,41,2,43.169014084507,53250,44.6551126516464,34620
37,20,17,22,13,10,7,5,2,2,1,1,5,4,31,25,21,11,11,1,0,0,0,0,0,5,1,5,2,20000,3,30,2,39.8608,46875,35.0643302928468,31245
128,5,17,18,20,14,12,6,4,3,1,0,3,3,4,10,25,21,17,11,6,2,1,2,1,4,2,4,4,20000,6,25,1,31.6569536423841,56625,29.6492092299715,57855
134,5,10,20,22,23,8,5,3,2,1,1,3,3,17,37,45,0,0,0,0,0,0,0,1,2,3,3,4,20000,5,30,2,29.2345360824742,58200,25.1819116135663,29190
161,13,26,14,12,8,7,6,5,4,3,2,4,3,48,52,0,0,0,0,0,0,0,0,0,4,2,4,4,20000,3,28,2,42.1522273845313,54885,17.0103092783505,17460
225,8,15,24,25,8,6,5,3,3,1,2,1,1,0,31,45,19,0,0,0,0,5,0,0,5,2,5,1,20000,2,29,1,35.0857775318207,54210,25.6492537313433,40200
247,2,4,4,4,8,12,13,15,15,12,11,3,3,9,16,16,17,0,3,0,13,12,6,8,2,2,4,4,20000,4,28,1,25.5067822682142,107265,41.7898365176285,76155
300,10,15,5,16,3,9,10,5,4,3,20,3,2,0,0,70,26,0,0,0,0,0,0,4,5,2,5,2,20000,2,55,2,42.1056218057922,88050,20.0754716981132,47700
1,10,19,26,20,9,6,3,3,2,1,1,2,2,4,31,36,17,7,3,1,0,0,0,1,4,3,4,4,21000,2,37,1,35.2633996937213,48975,28.1466066741657,40005
19,10,13,18,13,12,8,7,5,5,5,4,2,3,8,18,40,19,15,0,0,0,0,0,0,5,2,5,4,21000,3,28,1,39.1383219954648,66150,24.2819745699327,40110
23,12,12,13,18,13,7,7,6,5,4,3,7,7,24,61,7,5,1,1,0,1,0,0,0,1,4,4,5,21000,8,32,1,38.3210881190421,64515,26.3431372549019,24480
41,5,37,11,11,7,9,5,4,4,4,3,1,3,1,28,16,29,0,17,0,0,0,0,9,4,3,4,3,21000, ,53,2,41.8578947368421,57000,38.9650455927052,59220
72,2,9,14,19,21,13,8,5,4,3,2,3,3,0,40,20,0,40,0,0,0,0,0,0,6,1,5,2,21000,2,28,1,29.4211897524967,69090,26.8275862068966,43500
115,19,17,7,8,7,7,7,10,10,5,3,4,3,17,49,24,0,7,0,0,0,3,0,0,5,3,6,3,21000,5,27,1,42.8049977688532,67230,32.3561979421852,30615
87,18,20,30,11,4,5,3,3,3,2,1,4,6,39,30,23,5,3,0,0,0,0,0,0,6,2,4,3,22000,3,29,2,40.6652360515022,45435,31.3339404978749,24705
222,16,24,28,13,6,3,2,2,2,2,2,3,3,0,0,16,22,26,5,19,8,4,0,0,3,2,5,5,22000,3,61,2,40.4714573539288,44670,22.0062630480167,71850
154,30,19,10,9,8,7,6,4,3,2,2,1,1,10,30,40,0,0,0,0,0,0,10,10,3,1,4,3,23000,4,56,2,46.8885448916409,48450,47.978835978836,56700
24,51,30,9,2,2,1,1,1,1,1,1,1,1,20,60,20,0,0,0,0,0,0,0,0,6,1,6,1,24000,5,25,2,43.0800915331808,26220,19.4358974358974,23400
57,0,50,10,10,10,5,5,3,3,2,2,4,4,50,30,0,17,0,0,3,0,0,0,0,2,5,2,4,24000,5,25,1,39.5255255255255,49950,37.5060975609756,24600
97,20,22,30,5,5,5,2,3,3,3,2,1,1,20,30,30,20,0,0,0,0,0,0,0,6,1,6,1,24000,4,42,2,43.7785016286645,46050,27.3398058252427,30900
169,22,17,11,19,16,6,3,2,2,1,1,2,2,40,57,0,3,0,0,0,0,0,0,0,4,1,5,2,24000,5,25,1,39.3416640303701,47415,19.671875,19200
245,20,14,11,10,10,7,6,6,5,6,5,3,4,18,19,17,14,9,7,5,4,3,2,2,4,3,3,3,24000,5,25,1,44.4252607184241,64725,41.9515011547344,51960
53,5,8,12,15,12,10,9,9,8,7,5,1,1,2,3,8,11,15,11,10,10,10,10,10,6,1,6,1,25000,3,44,2,33.8348968105066,79950,29.5384375972611,96390
61,10,27,16,20,11,4,1,2,2,6,1,1,1,12,33,7,11,11,1,5,5,7,4,4,6,5,6,2,25000,1,44,2,39.2776957163959,50775,45.1088295687885,58440
71,20,40,25,15,0,0,0,0,0,0,0,3,3,20,0,80,0,0,0,0,0,0,0,0,2,1,2,5,25000,9,52,2,27.1047120418848,28650,14.5925925925926,32400
110,17,23,17,10,7,6,5,4,4,2,5,2,3,5,50,30,15,0,0,0,0,0,0,0,4,2,5,4,25000,4,25,1,45.5542363734484,55590,21.7699757869249,30975
117,15,24,17,14,13,5,3,2,2,2,3,5,5,5,23,34,28,4,6,0,0,0,0,0,3,3,3,4,25000,5,24,2,41.6,50250,24.6366972477064,40875
132,10,26,14,11,13,13,3,2,2,3,3,1,1,30,30,22,0,14,0,0,0,0,4,0,6,2,5,2,25000,3,54,2,40.1231393775372,55425,40.8533333333333,33750
190,31,17,11,8,7,6,6,5,4,3,2,3,3,9,17,74,0,0,0,0,0,0,0,0,4,1,6,4,25000,2,31,1,47.7241276468834,50295,13.4712907671107,32655
207,10,30,30,10,7,6,3,1,1,1,1,1,1,50,50,0,0,0,0,0,0,0,0,0,3,1,5,3,25000,3,23,1,36.0788091068301,42825,17.2173913043478,17250
251,10,30,40,10,6,2,1,0,0,0,1,4,7,39,0,22,0,0,39,0,0,0,0,0,5,1,4,2,25000,3,32,2,29.5091649694501,36825,39.1842367808447,45105
269,30,9,12,23,4,2,3,2,2,3,10,1,1,40,40,20,0,0,0,0,0,0,0,0,6,1,4,2,25000,3,25,1,49.9457364341085,58050,25.0985915492958,21300
276,10,26,64,0,0,0,0,0,0,0,0,7,7,30,10,60,0,0,0,0,0,0,0,0,5,2,5,2,25000,5,34,2,16.1739130434783,31050,22.4761904761905,28350
282,20,7,8,9,10,8,6,5,4,3,20,4,5,10,50,20,0,10,0,0,0,0,0,10,2,2,2,5,25000,5,35,1,44.7349823321555,84900,47.0649350649351,46200
304,21,19,17,15,12,6,3,2,2,2,1,1,2,34,62,4,0,0,0,0,0,0,0,0,4,3,5,2,25000,7,23,1,40.7252252252252,46620,17.0138248847926,19530
74,12,35,24,11,6,3,3,3,1,1,1,1,1,24,49,21,2,2,1,1,0,0,0,0,3,1,6,1,26000,5,26,2,38.2241068206424,41565,27.9284064665127,25980
103,15,21,30,15,7,4,3,2,1,1,1,1,1,30,39,27,2,1,1,0,0,0,0,0,4,3,5,3,26000,4,36,1,36.7586206896552,43500,27.6766467065868,25050
129,12,22,20,17,12,6,4,2,2,2,1,2,3,0,0,0,0,35,25,17,12,5,3,3,4,3,4,4,26000,4,26,1,37.4898207231844,49365,16.8761354252683,90825
21,20,19,10,8,8,7,6,6,6,5,5,3,3,0,40,50,0,0,10,0,0,0,0,0,5,1,5,3,28000,3,50,1,45.7723480333731,62925,23.25,36000
179,7,16,28,41,2,2,0,1,1,1,1,3,3,13,24,45,11,1,1,1,1,1,1,1,4,1,5,1,28000,2,49,1,27.289124668435,45240,31.7393026941363,37860
186,4,5,11,20,16,12,10,8,5,4,5,4,4,8,16,20,29,24,3,0,0,0,0,0,4,3,4,4,28000,2,27,1,31.280627056319,77505,25.0587467362924,45960
298,23,19,22,9,10,9,2,2,1,2,1,1,1,22,59,6,5,2,0,0,0,0,0,6,4,2,6,4,28000,4,30,1,41.417004048583,44460,43.6719858156028,33840
305,12,17,22,18,14,6,4,3,2,1,1,4,4,9,14,21,29,15,9,3,0,0,0,0,1,3,2,5,29000,5,49,1,35.8288341738356,50565,27.4982742390963,47805
31,6,4,4,3,3,2,2,1,1,35,39,1,1,2,1,84,2,2,2,2,1,1,1,2,4,2,5,2,30000,1,51,2,24.9095531753759,138645,21.1864740643467,45690
32,6,10,10,18,19,11,10,5,3,4,4,7,4,0,21,13,22,10,15,9,3,2,1,4,1,3,1,6,30000,7,26,1,33.3370072064434,70770,33.588785046729,64200
44,1,3,9,13,23,16,7,13,9,6,0,5,5,0,0,0,40,33,27,0,0,0,0,0,2,2,2,5,30000,1,30,2,24.4225013855533,81195,12.0022883295194,65550
107,4,7,10,12,18,13,11,9,8,6,2,4,4,0,0,0,40,35,10,5,5,5,0,0,2,3,4,3,30000,3,27,1,29.8321865443425,78480,16.8924731182796,69750
125,3,17,20,17,13,8,6,5,4,4,3,5,5,4,30,36,14,5,3,2,2,0,1,3,3,2,3,4,30000,5,42, ,35.8399625643425,64110,35.1096795507103,45405
138,4,8,57,20,5,1,1,1,1,1,1,4,4,4,10,86,0,0,0,0,0,0,0,0,4,2,4,4,30000,5,27,1,24.2790156301962,45105,8.3156089193825,34980
146,2,3,11,16,20,23,25,0,0,0,0,2,2,8,41,51,0,0,0,0,0,0,0,0,6,4,6,4,30000,5,38,2,20.145966709347,70290,17.4257932446264,29310
187,20,30,0,50,0,0,0,0,0,0,0,5,5,21,12,14,12,15,11,4,6,1,1,3,4,1,5,1,30000,1,30,2,27.9322033898305,35400,40.9825992387167,55170
246,17,16,14,12,19,0,9,4,0,2,7,5,3,11,11,14,16,3,5,7,9,6,9,9,2,2,3,4,30000,5,22,1,43.6161565479177,59790,41.0488736158839,78570
277,11,17,21,22,5,5,5,3,3,2,6,3,3,0,30,30,40,0,0,0,0,0,0,0,4,1,4,2,30000,1,29,2,41.6506516739075,58695,19.3076923076923,39000
302,4,18,34,22,9,5,3,2,2,1,0,3,2,5,12,21,18,17,10,8,4,3,1,1,5,1,4,3,30000,5,40,1,29.6986301369863,48180,31.5288220551378,59850
60,6,13,19,16,13,19,4,2,5,2,1,4,4,10,20,23,0,30,0,15,0,0,0,2,5,1,5,3,31000,3,33,1,32.6726556731479,60945,35.3559322033898,53100
65,0,3,10,17,19,17,15,13,3,2,1,1,1,1,5,17,23,23,14,9,2,2,2,2,5,3,5,5,32000,7,26,1,23.1440922190202,78075,26.1634249944109,67095
182,17,13,5,31,34,0,0,0,0,0,0,3,4,35,40,25,0,0,0,0,0,0,0,0,4,1,5,2,32000,5,32,2,26.7694562031911,46065,25.0398671096346,22575
39,13,17,13,10,8,8,7,7,8,7,2,3,3,5,60,30,0,0,0,0,0,2,1,2,4,2,5,2,35000,1,28,1,40.6777551482236,66285,31.0496613995485,33225
88,12,29,20,14,12,10,2,1,0,0,0,6,4,20,31,49,0,0,0,0,0,0,0,0,3,1,5,4,35000,6,29,1,33.7230113636364,42240,21.5621621621622,27750
118,4,4,3,10,15,12,11,10,11,10,10,3,4,0,0,39,39,22,0,0,0,0,0,0,4,2,4,4,35000,3,29,2,29.3005229160258,97530,14.2972972972973,49950
119,15,20,40,10,3,0,5,2,1,2,2,1,1,10,20,40,20,10,0,0,0,0,0,0,6,1,6,1,35000,9,32,2,38.451114922813,43725,24.6482213438735,37950
136,10,20,20,19,5,3,2,2,2,2,15,1,1,0,0,97,0,0,0,0,0,0,0,3,5,1,6,1,35000,1,35,2,46.4983425414365,67875,12.854351687389,42225
200,21,20,18,12,8,6,4,4,3,2,2,1,1,22,41,37,0,0,0,0,0,0,0,0,6,1,6,2,35000,4,38,1,43.5800182204677,49395,22.5839160839161,25740
287,3,7,13,10,21,16,12,8,3,1,6,3,2,10,21,36,8,11,8,4,2,0,0,0,4,2,5,2,35000,1,27,2,30.5477719400662,77085,32.2020547945205,43800
257,8,18,15,19,11,7,4,4,4,5,5,3,4,20,25,20,15,10,10,0,0,0,0,0,4,3,4,3,36000,6,48,1,40.0362234166861,64185,34.6953125,38400
33,3,7,22,27,26,4,3,3,3,1,1,8,8,5,6,8,9,10,11,11,13,13,0,14,1,6,1,6,37000,6,69,1,26.7986714358712,58710,32.895486935867,94725
130,4,10,13,14,13,13,12,9,6,4,2,1,1,0,10,33,5,6,17,9,0,3,10,7,5,1,6,5,37000,1,39,1,31.6262749898001,73530,36.1829871414441,75825
293,19,20,30,10,9,6,5,1,0,0,0,2,3,25,15,13,22,19,6,0,0,0,0,0,1,4,1,6,37000,9,25,2,35.3952363230368,40305,33.9500924214418,40575
43,19,18,10,10,9,11,6,7,6,1,3,4,3,0,1,16,32,43,5,0,0,0,3,0,4,2,5,2,38000,3,53,2,42.7884322678843,59130,16.6625310173697,60450
113,9,18,32,21,11,2,1,2,2,1,1,3,3,1,30,51,13,3,1,1,0,0,0,0,4,2,6,3,38000,3,32,2,32.8014230271669,46380,20.2329103561195,36645
135,43,13,4,3,3,2,2,1,2,6,21,4,4,0,82,18,0,0,0,0,0,0,0,0,4,3,4,4,38000,3,28,1,56.1749571183533,69960,10.7857142857143,25200
178,7,16,15,13,12,10,8,8,5,4,2,2,2,11,38,10,17,5,6,11,0,0,0,2,4,1,4,4,38000,1,26,2,36.4278573051579,66015,39.4919221892516,45495
29,3,9,18,21,17,12,9,5,3,2,1,7,3,0,15,37,37,0,0,11,0,0,0,0,4,1,5,4,39000,3,25,2,29.4516728624535,64560,23.2278481012658,47400
5,2,10,15,15,15,15,10,7,5,5,1,5,5,10,20,30,15,0,0,20,0,0,0,5,1,3,3,4,40000,8,58,1,30.1548941521693,71565,40.3980582524272,54075
20,16,12,16,16,9,4,5,5,5,6,6,1,1,13,3,4,4,4,3,2,1,2,3,61,6,1,6,1,40000,2,52,2,43.4097985347985,65520,28.5982410982411,139860
56,11,15,17,20,15,10,4,2,2,2,2,1,1,14,22,20,21,20,1,1,1,0,0,0,5,1,6,5,40000,4,60,1,35.9379907933929,55395,30.7438672438672,41580
63,5,19,45,14,5,4,3,2,1,1,1,1,1,20,50,15,10,2,2,0,0,0,0,1,6,2,6,4,40000,5,25,1,30.9703947368421,45600,32.5521628498728,29475
78,11,12,13,14,14,11,8,5,4,4,4,5,7,10,20,24,24,15,7,0,0,0,0,0,1,1,4,5,40000,8,63,1,37.9000673703122,66795,28.3229166666667,43200
82,4,7,11,5,1,8,5,8,15,13,23,2,3,2,14,50,30,4,0,0,0,0,0,0,5,2,5,5,40000,1,28,1,32.2458316659997,112455,17.1855136733186,40590
86,10,10,20,25,10,10,5,5,2,2,1,2,2,2,70,20,8,0,0,0,0,0,0,0,6,2,5,4,40000,3,38,1,33.798418972332,56925,17.6511375947996,27690
96,15,14,11,9,7,7,7,6,9,8,7,5,6,10,60,20,10,0,0,0,0,0,0,0,2,3,3,6,40000,6,25,1,42.570564516129,74400,21.8360655737705,27450
98,5,15,15,10,15,12,5,8,5,7,3,2,3,1,0,7,90,2,0,0,0,0,0,0,5,3,5,5,40000,7,29,2,35.9598308668076,70950,5.21443178498393,51345
100,6,10,16,14,13,12,11,10,4,3,1,5,5,10,17,25,19,15,14,0,0,0,0,0,4,2,4,2,40000,3,27,1,32.3520755545794,68295,29.2312703583062,46050
144,15,34,30,12,5,0,0,0,0,0,4,5,5,0,35,65,0,0,0,0,0,0,0,0,5,3,4,3,40000,9,35,2,37.8880157170923,38175,12.5813953488372,32250
170,24,49,22,1,0,1,1,0,1,1,0,1,1,20,20,36,17,4,0,0,1,1,1,0,6,3,6,4,40000,1,25,1,31.0993377483444,27180,31.9707112970711,35850
175,3,19,27,24,16,6,2,1,1,1,0,1,1,9,53,28,6,4,0,0,0,0,0,0,5,2,5,2,40000,5,34,2,27.8659097882786,48885,23.5293817066939,29355
177,9,13,27,18,11,7,5,3,3,2,2,3,3,2,5,29,36,17,8,3,0,0,0,0,3,1,4,3,40000,6,34,2,36.0202319935258,55605,20.349252013809,52140
189,10,20,25,25,10,3,2,2,1,1,1,3,3,0,10,10,10,20,10,10,5,3,2,20,4,2,4,3,40000,5,51,1,33.3273905996759,46275,35.1594896331738,94050
204,10,10,12,13,14,10,8,7,6,6,4,9,9,0,0,5,15,20,10,10,10,10,10,10,1,6,1,6,40000,9,31,1,36.9230769230769,72150,26.5833333333333,99000
223,10,17,21,27,11,3,1,1,2,3,4,2,3,2,3,26,30,7,14,12,3,1,1,1,3,2,5,3,40000,4,45,2,37.9469273743017,53700,26.4645517904349,62415
224,10,0,40,28,22,0,0,0,0,0,0,5,4,7,5,4,6,7,8,10,9,36,8,0,3,3,4,4,40000,4,25,2,20.8393442622951,45750,25.1078694212269,95115
232,7,20,22,17,11,8,7,3,2,2,1,1,1,5,12,13,28,27,15,0,0,0,0,0,5,1,5,4,40000,3,26,1,35.4559068219634,54090,23.1907433380084,53475
240,9,23,42,12,3,2,2,3,2,1,1,3,3,0,7,18,72,3,0,0,0,0,0,0,4,2,4,3,40000,5,28,1,34.1054823039556,43230,10.7757009345794,48150
244,16,23,17,12,11,5,5,3,3,3,2,3,3,10,43,47,0,0,0,0,0,0,0,0,4,1,5,5,40000,2,32,2,42.2524723676556,51570,18.4263157894737,28500
248,15,9,15,14,10,5,9,11,3,2,7,8,8,15,9,22,22,9,8,13,2,0,0,0,6,1,6,3,40000,1,52,2,41.0845986984816,69150,33.0937042459737,51225
280,14,20,20,15,8,6,5,3,3,2,4,2,2,7,25,30,22,10,0,0,2,1,1,2,4,1,4,3,40000,2,28,1,42.2932454695223,54630,33.3764627214978,44865
296,2,8,22,17,5,12,12,8,8,4,2,1,1,1,23,53,10,13,0,0,0,0,0,0,4,1,6,6,40000,4,31,2,32.0250719276613,72990,20.3517030233448,39195
89,8,16,40,21,6,3,2,1,1,1,1,4,4,8,4,22,35,20,11,0,0,0,0,0,4,2,3,6,42000,3,28,1,30.5001672800268,44835,22.3678025851939,51060
234,23,27,15,9,6,5,4,2,2,2,5,7,5,20,30,50,0,0,0,0,0,0,0,0,1,5,1,6,42000,9,34,1,48.0086313193588,48660,21.4623655913978,27900
303,19,18,17,15,12,10,4,2,1,1,1,5,5,7,29,54,7,3,0,0,0,0,0,0,5,5,5,4,43000, ,47,2,38.7624135763671,47730,19.7879333633498,33315
55,20,20,30,10,10,3,3,1,1,1,1,3,3,3,2,2,2,2,3,5,9,14,24,34,6,1,6,3,44000,5,28,2,38.2558983666062,41325,21.5049898057732,139785
163,2,3,18,15,17,13,9,8,6,4,5,3,3,1,1,40,4,16,4,2,20,10,2,0,5,2,5,3,44000,5,31,2,30.4634611715321,78615,29.6834276136602,71595
80,5,18,26,18,6,5,2,2,5,6,7,7,6,1,2,51,39,7,0,0,0,0,0,0,6,1,4,5,45000,3,44,2,41.3194444444444,64800,13.6782492482459,44895
84,2,4,4,6,19,10,10,5,9,10,21,5,5,0,9,0,50,25,0,0,0,16,0,0,3,3,2,5,45000,6,28,2,30.2546481200936,108915,23.5858123569794,65550
102,0,1,13,26,24,10,10,10,2,2,2,1,1,11,34,40,3,4,1,4,0,0,1,2,4,1,5,1,45000,1,49,2,24.2632653061224,73500,35.0485703094399,38295
184,10,12,14,15,13,10,8,7,5,5,1,2,2,0,3,36,39,20,1,0,1,0,0,0,4,3,5,2,45000,3,54,2,35.9298043728424,65175,16.311377245509,50100
192,17,33,39,11,0,0,0,0,0,0,0,1,1,10,20,29,41,0,0,0,0,0,0,0,5,1,2,2,45000,5,30,2,24.4344550477147,29865,22.2716535433071,38100
217,20,20,20,12,10,7,3,3,2,2,1,1,1,0,47,40,12,0,0,0,0,0,0,1,6,1,6,1,45000,1,36,1,41.1664,46875,22.2328159645233,33825
284,20,0,38,20,0,0,0,11,0,0,11,3,2,3,19,27,51,0,0,0,0,0,0,0,4,1,4,5,45000,4,38,1,44.8154981549816,60975,17.9577464788732,41535
285,15,5,13,16,11,12,10,6,4,5,3,1,1,24,27,42,4,2,0,0,0,0,0,1,6,1,6,2,45000,3,29,2,37.0330396475771,68100,29.6995515695067,30105
196,11,13,15,14,13,9,7,6,6,4,2,1,1,21,39,25,7,6,2,0,0,0,0,0,5,1,6,3,45900,2,49,1,37.6766285314032,64245,30.7983025461807,30045
120,45,25,10,2,2,2,2,2,0,0,10,1,1,100,0,0,0,0,0,0,0,0,0,0,6,1,6,4,46000,2,29,1,56.5414462081129,42525,2,12000
8,5,14,12,22,17,10,6,5,3,4,2,2,3,0,29,54,3,10,0,4,0,0,0,0,5,2,4,3,47000,2,32,2,33.372526193248,64425,22.9307692307692,39000
148,18,35,15,10,7,5,4,3,1,1,1,3,3,7,15,16,7,2,4,8,17,1,6,17,6,1,6,4,48000,7,31,2,41.541921554516,41685,40.9165535956581,88440
150,8,11,14,17,12,9,8,7,6,6,2,1,1,3,16,20,26,30,3,2,0,0,0,0,2,3,5,4,48000,7,53,1,35.6639094471049,68910,23.2946670683941,49785
256,25,42,12,15,1,1,1,1,1,1,0,3,1,0,29,70,1,0,0,0,0,0,0,0,6,3,5,2,48000,2,27,1,36.6578313253012,31125,11.7207207207207,33300
265,4,6,16,1,9,10,17,15,12,8,2,5,3,0,0,0,96,0,0,4,0,0,0,0,1,2,1,2,49000,7,56,1,28.7810446212383,86730,5.18232044198896,54300
13,42,8,5,9,3,4,7,5,5,8,4,6,7,12,6,13,20,10,5,25,1,1,3,4,3,4,3,4,50000,3,29,2,51.6069730586371,56790,35.1997348652231,67890
25,5,5,33,31,7,19,0,0,0,0,0,6,5,9,14,23,16,21,1,16,0,0,0,0,5,6,6,6,50000,6,26,2,23.1122599704579,50775,30.7512293896442,51855
30,2,7,7,12,19,16,7,8,3,6,13,3,3,0,0,6,18,30,23,11,7,3,2,0,3,4,3,4,50000,5,55,2,32.645573824946,90315,18.4763779527559,76200
35,30,40,5,4,4,4,4,3,2,2,2,1,1,39,39,11,11,0,0,0,0,0,0,0,4,1,5,3,50000,5,29,2,48.3563218390804,39150,30.0044958253051,23355
64,12,18,9,10,7,7,6,7,6,10,8,8,5,2,5,9,4,0,78,0,0,0,2,0,2,4,3,5,50000,7,54,2,42.5996835443038,75840,14.3910048622366,74040
133,14,15,13,10,10,12,8,8,4,2,4,3,2,11,9,13,15,15,9,2,8,2,8,8,5,2,6,2,50000,5,49,2,40.2054986020503,64380,39.7489378919684,74145
171,68,32,0,0,0,0,0,0,0,0,0,3,3,64,0,0,0,36,0,0,0,0,0,0,5,5,5,5,50000,7,24, ,16.875,15360,41.984990619137,31980
188,5,10,10,10,10,10,10,10,10,10,5,8,8,0,0,0,0,30,0,30,0,0,30,10,1,5,1,5,50000,8,49,2,33.5514184397163,84600,21.5302013422819,111750
197,2,6,23,31,8,8,8,4,4,2,4,1,1,0,12,20,55,13,0,0,0,0,0,0,1,1,6,1,50000,5,29,2,31.7479711451758,66540,15.6771159874608,47850
202,5,10,20,20,12,10,8,6,4,3,2,5,4,2,34,24,5,2,2,6,10,10,4,1,4,3,4,4,50000,3,36,1,33.3598615916955,65025,40.5846038490377,60015
281,76,24,0,0,0,0,0,0,0,0,0,5,3,60,40,0,0,0,0,0,0,0,0,0,1,2,2,2,50000,3,25,1,15.1900826446281,14520,17.5555555555556,16200
292,10,16,17,15,12,9,7,5,4,3,2,3,3,5,14,16,15,13,8,4,4,5,7,9,4,2,5,3,50000,3,25,2,37.7810945273632,60300,39.4123505976096,75300
10,7,10,16,17,18,12,8,5,3,2,2,3,3,0,22,24,29,9,8,3,2,1,1,1,3,3,5,4,51000,6,63,1,32.7438538983844,64065,29.4702467343977,51675
249,5,25,20,10,15,10,5,3,2,1,4,3,3,0,15,60,5,5,5,5,5,0,0,0,5,2,5,2,51000,1,24,1,38.2156862745098,57375,25.8709677419355,46500
143,10,25,17,15,10,8,5,4,3,2,1,3,3,0,33,14,11,12,10,10,10,0,0,0,4,3,4,4,52000,3,26,1,38.5078683834048,52425,33.5537634408602,55800
9,13,21,32,20,5,2,2,2,1,1,1,2,1,1,11,19,22,28,13,3,2,1,0,0,6,4,6,3,55000,3,51,2,34.5675105485232,42660,23.5754642950562,57345
28,13,6,5,12,12,12,12,10,8,6,4,5,5,1,0,0,85,0,0,13,0,0,0,1,4,1,3,5,55000,6,34,1,34.6220652796335,78585,13.4269833249116,59370
193,19,15,14,12,10,8,6,6,5,3,2,2,2,0,0,0,30,30,20,0,0,0,0,20,5,1,4,1,55000,2,25,1,42.1307512347284,57705,29.0491803278688,91500
215,40,43,17,0,0,0,0,0,0,0,0,5,5,0,0,98,0,0,0,0,0,0,0,2,3,2,5,4,56000,2,27,2,24.2374100719424,20850,9.59409594095942,40650
219,8,10,15,15,15,10,7,6,5,5,4,9,1,0,0,20,45,15,15,5,0,0,0,0,5,1,6,5,56000,5,44,1,36.2349914236706,69960,17.2564102564102,58500
167,9,12,15,18,15,13,8,4,3,2,1,3,3,1,13,15,17,27,21,2,1,1,1,1,3,2,5,3,58000,2,50,1,33.5111331024246,60630,25.580088713652,60870
198,6,10,15,18,11,5,9,6,3,10,7,9,9,0,19,26,21,22,12,0,0,0,0,0,2,4,3,6,58000,5,28,1,37.6535233261761,76845,24.0301204819277,49800
49,12,18,20,16,12,10,5,3,2,1,1,3,3,10,20,30,23,10,5,1,1,0,0,0,2,3,4,5,59000,6,40,1,36.4776076278532,51915,28.7392857142857,42000
288,7,9,14,25,20,12,5,2,3,2,1,3,3,0,0,30,36,24,9,0,0,0,0,1,5,1,6,4,59000,5,25,1,30.1127670144063,60390,18.114401076716,55725
2,14,6,12,7,30,7,7,5,5,5,2,5,5,0,0,23,34,14,29,0,0,0,0,0,1,4,4,5,60000,7,34,2,35.0161001788909,67080,17.7418546365915,59850
66,4,29,43,9,6,4,1,1,1,1,1,2,2,0,0,0,0,53,25,13,4,5,0,0,5,2,5,2,60000,1,31,2,30.9249195566679,41955,12.3208255159474,79950
94,9,17,26,10,10,9,5,5,3,3,3,9,8,1,18,15,48,5,10,0,1,0,0,2,4,6,2,5,60000,1,34,2,39.1855458739108,58530,25.5820505373221,51645
109,9,10,16,18,14,11,9,5,3,3,2,9,9,13,14,15,14,14,11,7,5,4,2,1,1,6,1,6,60000,6,29,1,34.5719331292677,63705,36.9544057377049,58560
140,8,7,8,12,14,12,9,10,6,7,7,5,5,18,18,19,45,0,0,0,0,0,0,0,4,3,4,3,60000,3,56,2,34.5453718857974,82485,25.588474025974,36960
231,9,12,14,15,14,12,11,7,4,1,1,1,1,3,4,5,5,4,4,39,19,4,6,7,5,1,4,2,60000,2,62,2,33.6740881099006,63330,23.2982937233394,98460
263,0,2,6,11,18,23,20,5,5,5,5,5,4,0,10,10,9,60,9,0,0,0,0,2,2,3,4,5,60000,7,27,2,23.5507246376812,87975,18.8057553956835,62550
272,11,27,19,14,12,6,4,2,2,2,1,7,7,1,2,9,34,34,15,4,1,0,0,0,2,3,4,6,60000,5,25,1,38.2602230483271,48420,16.6615978759353,62145
40,6,18,19,13,13,11,9,4,3,3,1,3,3,9,13,20,21,15,9,4,3,3,2,1,4,2,4,3,61000,3,38,1,35.1412471825695,59895,33.9501607717042,55980
216,6,23,23,15,10,8,5,4,3,2,1,2,1,5,15,30,20,11,8,5,3,2,1,0,4,1,6,3,62000,1,57,1,36.3519397153224,53745,30.8730158730159,51975
250,5,11,29,16,12,11,6,4,3,2,1,5,5,0,5,42,42,11,0,0,0,0,0,0,5,5,4,5,62000,4,24,1,32.6333333333333,58500,14.7669902912621,46350
17,14,16,15,20,7,6,7,4,4,4,3,4,3,5,15,20,30,4,6,5,15,0,0,0,3,3,3,4,63000,6,67,1,40.9847599695199,59055,31.7523178807947,56625
155,8,14,24,21,14,9,4,3,1,1,1,5,4,0,0,11,30,42,17,0,0,0,0,0,2,2,3,3,63000,3,29,2,32.4978747520544,52935,13.5879518072289,62250
226,47,53,0,0,0,0,0,0,0,0,0,5,5,0,61,0,0,0,0,39,0,0,0,0,4,4,4,4,63000,9,29,1,16.8906917164817,17565,36.4782608695652,51750
235,20,15,13,13,9,8,7,6,5,3,1,5,5,1,4,23,69,1,1,1,0,0,0,0,3,2,3,4,65000,7,33,1,41.7083888149134,56325,11.7620229599752,48345
252,10,16,29,9,8,8,4,4,4,4,4,8,8,7,19,7,12,25,1,0,0,29,0,0,1,2,1,5,65000,1,64,2,40.9621212121212,59400,35.4920323073565,68715
267,0,0,0,37,43,11,3,2,2,1,1,4,4,0,0,0,11,52,31,6,0,0,0,0,3,3,4,4,65000,6,35,2,15.64043715847,68625,10.0373443983403,72300
273,10,20,6,20,10,7,6,5,6,5,5,2,5,0,30,40,0,30,0,0,0,0,0,0,3,2,4,4,65000,7,68,1,40.6976483762598,66975,24.5,42000
228,5,10,18,24,20,11,4,3,2,2,1,5,5,4,8,20,24,21,16,3,1,1,1,1,3,2,4,5,68000,5,43,1,29.6388888888889,59400,26.6453682319733,58455
34,10,10,10,5,10,15,15,10,5,5,5,4,4,10,10,15,20,10,10,5,5,5,5,5,4,1,4,2,70000,7,40,2,35.030739673391,78075,38.3721185510428,68325
79,2,3,6,7,8,10,10,12,12,13,17,5,5,0,0,0,50,0,0,47,0,0,0,3,4,2,4,3,70000,7,59,1,28.0854897710337,110715,20.0779595765159,77925
166,5,10,20,20,14,9,5,5,4,4,4,4,4,0,6,8,6,19,42,10,6,3,0,0,4,2,5,5,70000,3,25,1,35.1301907968574,66825,18.7250996015936,75300
180,5,10,14,19,19,12,5,4,4,4,4,7,7,0,0,5,21,21,50,3,0,0,0,0,2,3,1,6,70000,7,26,2,33.6521264994547,68775,12.9073684210527,71250
27,11,13,16,27,5,5,5,5,5,5,3,1,1,3,2,3,5,11,8,9,8,6,25,20,6,1,6,1,71000,2,54,2,39.0781932977173,61770,26.7043874067518,118635
218,5,5,10,50,5,5,8,4,4,3,1,5,5,0,0,0,38,29,21,12,0,0,0,0,4,4,4,4,71000,3,28,1,28.0859188544153,62850,14.3041575492341,68550
271,5,12,17,29,15,9,4,3,3,2,1,1,1,0,14,23,31,24,8,0,0,0,0,0,5,1,6,5,72000,1,27,2,30.7557840616967,58350,21.0176991150443,50850
3,9,23,29,19,10,3,2,2,1,1,1,3,3,0,1,14,46,27,4,2,2,2,1,1,1,2,2,5,73000,7,31,2,33.832005312085,45180,19.2227662178702,61275
297,10,10,13,13,14,13,10,6,5,4,2,7,7,3,10,15,15,15,15,9,6,5,4,3,2,2,3,6,73000, ,32,1,35.0442477876106,67800,31.996253122398,72060
42,11,32,39,5,0,7,0,3,1,0,2,5,5,0,21,24,5,50,0,0,0,0,0,0,1,6,1,6,74000,5,44,1,36.3258511036289,40095,21.8622754491018,50100
45,15,15,16,14,10,7,6,4,4,4,5,5,7,0,2,60,10,10,14,1,0,1,1,1,1,3,1,6,74000,9,45,1,42.6077481840194,61950,23.7338129496403,52125
262,14,12,13,15,12,10,6,5,4,4,5,3,4,4,10,33,35,16,2,0,0,0,0,0,5,3,4,3,74000,4,26,1,40.4389741241127,65505,20.4056172436316,45930
16,10,25,26,18,9,4,3,2,2,1,0,1,1,0,0,0,50,50,0,0,0,0,0,0,5,2,6,5,75000,1,25,1,34.3232323232323,44550,8.25,60000
116,5,11,23,18,13,10,7,5,4,3,1,1,1,3,10,21,39,20,5,2,0,0,0,0,4,2,6,3,75000,2,66,1,33.002421307506,61950,20.9869397447314,50535
139,7,10,16,20,16,10,7,5,4,2,3,8,8,2,4,15,18,23,25,7,3,1,1,1,1,3,2,6,75000,8,51,1,34.0924641701341,64890,23.4766793126534,67215
142,6,10,36,20,8,6,6,4,2,1,1,3,3,15,17,22,0,21,22,0,0,0,0,3,5,2,5,2,75000,2,31,2,31.9952420934789,53595,36.8530259365994,52050
162,6,9,15,19,17,9,9,6,5,3,2,2,2,10,14,21,23,18,13,1,0,0,0,0,3,3,4,3,75000,2,32,1,32.7326203208556,67320,28.1931464174455,48150
199,21,16,16,15,11,8,5,3,2,2,1,5,4,17,23,40,12,6,1,1,0,0,0,0,5,2,6,3,75000,5,28,1,40.6874244256348,49620,28.2710606721956,34365
241,39,31,12,1,0,17,0,0,0,0,0,3,6,28,38,32,0,0,2,0,0,0,0,0,4,5,4,5,75000,4,20,1,41.390815828041,30705,26.9014084507042,25560
6,11,13,16,17,14,8,6,5,4,3,3,3,2,4,9,18,21,19,12,7,8,0,2,0,4,2,6,2,76000,2,29,1,37.9394379844961,61920,28.2568093385214,61680
106,10,15,18,14,11,10,7,6,5,3,1,4,3,0,2,88,8,2,0,0,0,0,0,0,4,2,5,2,76000,3,31,1,37.002478314746,60525,6.96923076923076,39000
278,1,3,10,14,19,22,11,9,6,4,1,5,5,1,1,2,7,61,20,5,0,0,0,3,2,2,2,6,77000,8,36,1,24.2167805618831,79020,14.8573185731858,73170
59,19,11,6,13,7,7,6,9,8,8,6,8,7,11,15,23,24,18,7,0,0,1,0,1,1,2,1,6,78000,3,52,2,42.3674342775627,73605,30.4633524537922,47070
274,6,14,17,21,16,7,3,4,5,5,2,3,3,0,0,0,0,0,21,29,24,19,6,1,3,1,5,2,78000,4,35,2,35.4174246050742,62670,11.8958770090845,107325
291,10,14,31,20,13,3,2,2,2,1,2,3,3,0,15,21,41,15,8,0,0,0,0,0,5,4,4,5,78000,7, ,1,34.4759036144578,49800,20.4424242424243,49500
69,3,19,39,10,23,4,0,0,0,0,2,3,3,0,12,30,37,8,3,10,0,0,0,0,5,4,2,4,80000,7,37,2,28.6487773896475,47235,23.1235294117647,51000
160,6,11,18,20,13,7,5,5,5,6,4,9,8,0,4,10,15,28,30,5,7,0,0,1,2,5,3,5,80000,5,30,1,36.5773966578716,68220,20.0095238095238,70875
181,5,11,18,23,17,11,6,4,2,2,1,7,6,30,50,20,0,0,0,0,0,0,0,0,3,2,4,5,80000,9,32,1,30.6832917705736,60150,22.6040268456376,22350
205,1,13,27,32,21,1,1,1,1,0,2,2,2,0,0,50,30,20,0,0,0,0,0,0,2,1,5,3,80000,4,29,2,25.7131782945736,52245,14.8125,48000
211,20,30,15,6,4,3,4,2,2,4,10,1,1,41,36,0,0,0,23,0,0,0,0,0,4,1,5,3,80000,2,26,1,51.2605263157895,57000,43.1500234411627,31995
70,27,20,13,9,8,5,4,3,2,3,6,6,6,30,20,0,0,19,11,0,20,0,0,0,2,3,3,5,81000,8,37,1,49.3731130731985,52665,42.8828571428571,52500
210,2,14,23,19,15,8,7,5,4,2,1,7,7,1,2,12,12,12,13,13,12,10,8,5,4,3,3,4,82000,7,42,1,31.8469663473348,61065,27.4582917912928,90270
36,25,18,6,6,6,5,6,6,6,6,10,3,5,30,13,0,17,0,0,0,0,20,0,20,1,2,1,6,85000,6,53,2,48.9782372143635,68925,49.9774859287054,79950
73,3,9,11,36,10,7,5,8,2,7,2,8,8,5,10,10,10,30,10,5,5,10,5,0,3,3,2,4,85000,7,51,2,31.5355023081996,68235,30.117709437964,70725
147,0,4,7,9,18,20,16,10,7,5,4,9,9,0,0,0,0,16,22,31,21,10,0,0,1,5,1,6,85000,8,36,2,24.5787671232877,87600,12.5792778649921,95550
152,3,9,16,19,15,13,8,6,5,4,2,7,6,0,0,7,28,51,3,2,2,2,1,4,1,4,3,5,85000,8,28,2,31.3346956334696,69735,19.9444444444445,70200
153,9,16,16,6,2,10,14,5,2,8,12,3,2,4,16,46,22,2,2,1,1,1,0,5,4,2,5,5,85000,3,26,1,41.8338017612891,80055,33.0906029996939,49005
260,10,10,10,37,3,3,3,3,5,5,11,5,5,11,5,11,17,11,45,0,0,0,0,0,1,3,1,6,85000,7,40,1,41.099481865285,72375,24.3315013739695,60045
121,3,4,8,11,17,19,9,8,7,8,6,3,3,1,1,26,31,22,6,5,7,0,0,1,5,2,6,5,86000,2,37,1,29.1714088635972,86985,23.3178905864958,60870
168,6,9,26,20,15,12,5,3,2,1,1,4,4,2,8,22,32,16,10,5,3,2,0,0,3,3,4,5,88100,6,28,2,30.6527668502492,57195,24.8877766069547,56940
112,10,10,25,28,17,4,2,1,1,1,1,7,7,4,8,11,28,24,16,2,2,2,2,1,1,2,2,6,89000,9,33,1,30.0584707646177,50025,26.2985255015712,62055
12,20,30,15,10,7,6,5,3,2,1,1,6,7,26,31,16,9,7,4,3,2,1,1,0,2,5,3,4,90000,7,35,1,42.6136752136752,43875,41.0269607843137,36720
38,30,22,14,7,6,2,5,3,2,2,7,3,3,16,42,6,30,6,0,0,0,0,0,0,4,3,5,2,90000,5,36,1,51.5081723625557,50475,30.0287253141831,33420
47,20,0,0,40,0,0,35,0,0,0,5,6,5,0,10,0,0,0,0,90,0,0,0,0,4,4,4,5,90000,4,30,2,34.5696767001115,67275,9.5,90000
85,9,14,24,14,10,6,5,5,5,5,3,3,3,1,1,7,11,43,23,5,2,3,2,2,3,3,4,4,90000,3,27,1,39.1941091260261,62130,19.6492041104171,74445
159,2,31,10,40,0,0,0,0,3,7,7,4,5,3,0,0,42,55,0,0,0,0,0,0,1,3,2,5,90000,6,56,2,40.7192628124211,59415,10.2154195011338,59535
183,17,14,13,10,8,8,8,6,6,7,3,2,2,0,0,2,1,26,26,23,20,2,0,0,5,2,5,2,90000,7,40,2,42.1955922865014,65340,13.851282051282,87750
289,12,20,13,33,15,7,0,0,0,0,0,3,3,1,4,19,16,19,19,15,7,0,0,0,3,2,5,2,90000,4,43,2,28.4209809264305,44040,23.2176326893182,67545
301,14,13,13,10,9,10,9,7,7,5,3,5,5,7,16,15,13,12,12,11,5,4,3,2,3,2,4,4,90000,5,27,2,39.7574883514533,67605,35.6472913275982,64515
46,11,12,13,13,13,8,7,7,6,6,4,3,3,2,3,10,30,31,17,2,2,1,1,1,4,4,4,5,98000,7,69,1,38.6952503761014,69795,21.027563653352,64215
201,12,11,15,13,20,13,5,4,2,3,2,1,1,2,2,3,5,12,13,17,27,10,6,3,1,2,1,6,100000,8,45,2,35.5126050420168,60690,20.8625789554768,97365
203,11,36,15,12,7,6,4,4,2,1,2,1,2,0,11,68,0,0,0,0,0,0,21,0,4,1,5,3,100000,2,29,2,41.3190612115446,47295,34.6217616580311,57900
208,17,18,21,21,5,4,2,2,4,2,4,3,3,0,18,27,24,17,5,4,2,1,1,1,5,2,4,4,100000,3,24,2,42.8070328392909,51615,28.5768688293371,53175
242,4,8,13,16,15,12,12,10,5,3,2,4,3,10,10,21,21,19,11,8,0,0,0,0,4,2,5,4,100000,4,20,1,30.5710180623974,73080,28.7435158501441,52050
299,5,15,24,11,10,5,5,5,5,5,10,5,5,0,10,10,14,10,13,11,8,5,5,14,2,3,3,4,100000,8,30,1,41.2748717948718,73125,33.8752052545156,91350
127,3,9,12,14,16,15,12,8,4,4,3,3,7,0,0,0,0,0,28,18,17,22,13,2,4,2,4,5,104000,2,37,2,30.5918940609952,74760,13.9619047619048,110250
191,12,24,39,12,5,3,1,1,1,1,1,3,3,0,0,0,0,0,50,50,0,0,0,0,3,2,2,4,109000,7,42,2,33.5039018952063,40365,6.16666666666666,90000
126,1,3,38,23,6,2,10,6,6,4,1,5,5,11,25,41,15,6,0,0,0,1,1,0,4,3,5,4,110000,3,36,2,30.797121634169,64620,27.9005278116119,36945
164,16,21,31,11,5,3,3,2,2,1,5,5,5,47,0,19,0,3,29,0,0,0,1,1,1,3,3,6,110000,4,52,2,43.3289271441746,48795,44.7377049180328,42090
172,10,10,15,17,25,13,6,1,1,1,1,2,2,0,1,2,5,21,21,21,23,2,2,2,5,2,5,4,110000,2,27,1,30.5439056356488,57225,17.500826446281,90750
270,10,0,51,14,0,0,0,10,10,0,5,9,8,0,5,30,35,10,10,5,5,0,0,0,2,3,2,4,110000,7,47,1,38.1941391941392,61425,22.8666666666667,56250
236,10,10,25,22,10,9,6,3,2,2,1,3,2,10,20,20,20,10,9,6,0,0,0,5,4,2,4,2,115000,4,32,2,33.9442176870748,55125,38.4558204768583,53475
264,10,13,13,33,8,7,7,7,1,1,0,7,5,7,27,25,18,9,4,3,3,3,1,0,2,2,3,4,120000,3,34,2,32.2540983606557,54900,34.5544840887174,46665
286,19,0,25,0,34,22,0,0,0,0,0,3,3,0,0,0,10,39,22,29,0,0,0,0,4,3,4,3,120000,6,56,2,28.330110889963,52755,12.4961538461538,78000
95,2,4,16,14,16,17,11,9,6,2,3,6,7,0,20,39,0,22,0,0,0,19,0,0,1,2,1,6,125000,8,59,1,28.3256224269751,76515,34.4587628865979,58200
14,11,11,13,21,11,12,5,4,5,4,3,8,7,0,9,11,13,21,20,9,5,6,2,4,1,6,1,6,129000,9,31,1,37.1674440298508,64320,28.3516699410609,76350
261,5,10,18,20,22,6,6,3,3,3,4,4,5,0,0,20,50,0,0,0,0,30,0,0,3,2,4,5,129000,5,28,1,33.717416378316,65025,27.2083333333333,72000
22,21,26,19,13,8,4,3,2,2,1,1,2,3,36,14,0,23,19,8,0,0,0,0,0,4,3,5,3,130000,5,45,1,41.1588319088319,42120,37.8729792147806,38970
91,2,5,12,21,16,13,10,7,5,4,5,3,3,1,3,10,20,30,18,8,5,2,2,1,6,1,6,5,130000,2,53,1,30.2695049123483,77865,22.5029610829103,70920
158,12,15,17,15,10,7,6,5,6,5,2,2,2,24,0,11,24,19,0,3,9,4,0,6,5,2,6,1,130000,3,59,2,39.6584062196307,61740,41.0264932562621,62280
254,0,50,37,0,0,9,0,0,2,1,1,4,4,25,0,50,0,20,0,0,0,0,0,5,3,4,3,3,130000,7,28,2,31.5808966861598,38475,38.5833333333333,45000
283,2,6,14,24,23,14,7,5,2,2,1,4,3,17,13,10,9,9,12,10,10,4,3,3,4,2,4,5,140000,3,25,1,26.0572268717485,66315,39.9460694698355,65640
105,5,10,50,10,5,5,5,4,3,2,1,8,8,0,0,0,0,0,40,20,20,10,10,0,1,4,2,5,150000,9,36,2,32.756446991404,52350,12.7352941176471,102000
279,7,12,14,16,13,10,8,6,5,5,4,4,6,19,20,0,26,30,0,0,0,0,3,2,3,4,4,4,150000,2,21,2,36.3474630700064,70065,36.2993552348787,48855
58,3,5,8,9,9,10,12,11,11,11,11,4,5,0,10,11,13,16,17,16,9,4,2,2,2,4,3,5,159850,5,43,1,30.3781895504253,98760,27.2599206349206,75600
7,20,15,15,11,9,7,7,4,4,4,4,3,3,0,0,0,0,49,0,30,0,0,21,0,5,2,5,5,160000,2,53,2,44.3027989821883,58950,18.219512195122,92250
194,5,6,8,10,11,13,14,14,8,8,3,5,4,13,18,22,17,27,3,0,0,0,0,0,1,3,3,5,164000,9,39,2,29.3732394366197,85200,28.94963780614,43485
173,1,4,7,7,10,15,24,20,6,6,0,5,3,3,6,3,7,12,25,13,15,9,7,0,5,2,4,3,175000,3,26,2,21.4109774690835,88545,23.4901722038615,86235
141,1,8,20,20,15,10,7,6,5,5,3,3,3,0,0,20,20,10,10,10,0,0,0,30,4,2,5,4,180000,3,35,2,31.6941870261163,71220,35.4074074074074,101250
149,37,30,14,4,4,3,2,2,2,1,1,1,1,80,8,2,2,2,1,1,1,1,1,1,6,1,6,1,180000,9,55,1,45.7154255319149,33840,43.1423728813559,22125
137,9,10,11,15,12,10,6,6,6,5,10,5,5,0,0,2,5,7,9,10,15,19,17,16,1,3,2,6,185000,7,55,1,39.0523200305518,78555,21.0197044334975,121800
290,7,7,9,10,17,13,12,9,7,5,4,8,8,0,1,2,4,6,9,11,14,14,16,23,1,4,1,6,190000,7,46,1,32.1362858772097,78915,22.3526970954357,126525
54,3,17,14,12,13,13,11,5,6,3,3,1,1,8,20,22,24,0,0,26,0,0,0,0,6,3,6,3,200000,5,27,2,34.4744809688581,69360,33.3681765389082,51660
214,7,10,12,18,20,10,9,7,4,2,1,3,3,1,3,5,9,19,20,19,11,6,5,2,3,4,4,4,200000,5,32,1,31.5941230486685,65340,22.5498001042934,86295
239,7,9,16,25,15,12,6,4,3,2,1,3,3,0,0,0,0,0,0,0,17,39,44,0,3,3,5,6,200000,5,60,1,31.2380718150516,60990,6.41847206385405,131550
212,5,10,15,20,15,10,8,4,4,2,7,5,5,0,0,0,0,0,10,10,10,10,20,40,1,5,2,1,240000,8,23,1,35.6778947368421,71250,17.5555555555555,148500
195,5,6,13,5,14,12,10,14,10,10,1,4,5,0,0,0,0,0,18,19,25,20,17,1,2,2,4,5,275000,4,25,1,29.7117117117117,83250,12.583830351226,113175
101,7,13,19,23,14,11,4,3,3,2,1,3,3,0,2,2,4,4,6,11,11,10,10,40,2,3,4,4,350000,4,43,1,32.7532671197073,57390,22.7195253505933,139050
62,26,22,17,12,9,6,2,2,2,1,1,2,1,0,0,0,0,0,60,20,20,0,0,0,4,3,6,2, ,5,66,1,42.5273899033297,41895,8.55737704918035,91500
227,66,20,14,0,0,0,0,0,0,0,0,5,5,19,52,29,0,0,0,0,0,0,0,0,3,3,3,3, ,5,26,2,25.5551782682513,17670,20.92757996379,24855
253,6,32,16,16,10,9,4,3,2,1,1,3,3,10,10,10,10,50,0,0,0,0,0,10,4,3,4,3, ,3,33,1,36.6854814367643,49695,34.8310502283105,65700
